{"cameraMode":{"drawMode":0,"name":"Shaded","section":"Shading Mode"},"sceneLighting":false,"audioPlay":false,"sceneViewState":{"m_AlwaysRefresh":false,"showFog":true,"showSkybox":false,"showFlares":true,"showImageEffects":true,"showParticleSystems":true,"showVisualEffectGraphs":true,"m_FxEnabled":true},"in2DMode":false,"pivot":{"x":0.031742095947265628,"y":4.440829753875732,"z":-4.523256301879883},"rotation":{"x":-0.05378775671124458,"y":-0.8351866602897644,"z":0.08303850889205933,"w":-0.5409975051879883},"size":10.386643409729004,"orthographic":false}