{"cameraMode":{"drawMode":0,"name":"Shaded","section":"Shading Mode"},"sceneLighting":false,"audioPlay":false,"sceneViewState":{"m_AlwaysRefresh":false,"showFog":true,"showSkybox":false,"showFlares":true,"showImageEffects":true,"showParticleSystems":true,"showVisualEffectGraphs":true,"m_FxEnabled":true},"in2DMode":false,"pivot":{"x":0.003472253680229187,"y":-0.010288521647453308,"z":0.020634222775697709},"rotation":{"x":-0.10292991995811463,"y":-0.7554492354393005,"z":0.1223788782954216,"w":-0.6353980302810669},"size":0.04330126941204071,"orthographic":false}